product_category_name,agro_industria_e_comercio,alimentos,alimentos_bebidas,artes,artigos_de_natal,audio,automotivo,bebes,bebidas,beleza_saude,brinquedos,cama_mesa_banho,casa_conforto,casa_construcao,climatizacao,consoles_games,construcao_ferramentas_construcao,construcao_ferramentas_iluminacao,construcao_ferramentas_jardim,construcao_ferramentas_seguranca,cool_stuff,eletrodomesticos,eletronicos,eletroportateis,esporte_lazer,fashion_bolsas_e_acessorios,fashion_calcados,fashion_roupa_masculina,ferramentas_jardim,industria_comercio_e_negocios,informatica_acessorios,instrumentos_musicais,livros_interesse_geral,malas_acessorios,market_place,moveis_cozinha_area_de_servico_jantar_e_jardim,moveis_decoracao,moveis_escritorio,moveis_quarto,moveis_sala,papelaria,pcs,perfumaria,pet_shop,relogios_presentes,sinalizacao_e_seguranca,telefonia,telefonia_fixa,utilidades_domesticas
agro_industria_e_comercio,1.0000000000000002,2.128953335124703e-17,1.5702399680866965e-16,-1.0560913633664639e-17,2.4985811393992426e-17,9.992816021390919e-17,4.31497147468682e-17,-1.4378537411748413e-16,-1.7495855143294814e-16,-1.8759584618694801e-16,-4.4296008287173905e-17,-3.819709394894654e-16,-1.5908224428635824e-16,3.8480183340609826e-17,-1.0020893795050992e-18,1.1641296379402247e-16,-8.668793876732667e-17,-1.5098508016870152e-16,1.6344924174938099e-16,2.159061314877823e-16,6.686322145502157e-18,-6.075242006656677e-17,-4.104429618868032e-17,-1.3812645244045534e-16,2.6155973287857406e-16,-1.6629214086874576e-16,-1.9701040989542773e-16,-1.120091307590595e-16,-1.3953727546052487e-17,5.078091533368272e-17,2.0413966235271433e-16,-9.573947582339774e-17,-1.5018562935022339e-16,-1.3538902681762519e-17,-4.307965410725717e-17,5.194382594952431e-17,0.028044890693638126,8.670592321197508e-17,2.776962049083834e-16,-1.4507283375324285e-16,3.3366501459699217e-17,0.0034077779763117804,-8.445053520351583e-17,2.929594777587009e-17,3.182053373575373e-16,1.2998463961941943e-17,-1.9173202078853867e-16,-1.6880205090746654e-16,0.0312047091187106
alimentos,2.128953335124703e-17,1.0,1.187576111160533e-16,4.73689486114934e-17,-8.819070235874562e-17,0.059665895018022726,-1.732660255482706e-17,2.2252642838794764e-16,1.0092766356259117e-16,0.009760875450733328,1.8089212975448393e-16,-5.668954054160008e-17,-4.0773305238550933e-16,-1.2830256796069217e-16,-1.2371165797628945e-16,-5.351807382207784e-16,-6.530929318361916e-17,-3.558155699543347e-16,-1.3180851026296445e-16,-1.3051458782985056e-16,-2.3881785507488927e-16,-1.4196404116475503e-16,0.0027333983053981926,-2.576796571034895e-16,0.06082487337594666,9.660988625947952e-17,-4.3605516021620184e-17,-1.2136031633570878e-16,1.4030131113036371e-16,-3.7297048085038327e-16,-2.5696276362650914e-17,4.0560491865102387e-16,6.408419787019475e-17,0.09388641384880515,6.675697873335719e-17,2.3570344685603666e-16,0.020066458725934835,2.1050800011285275e-16,2.5632789852265117e-16,2.714430760635276e-16,4.7599402473684806e-18,-0.0027604963076215882,0.10371640432016307,0.05491009960249894,0.03197609912809646,3.154124738885475e-16,-6.756686255714711e-17,-1.2183850846676094e-16,-1.0668549377257364e-16
alimentos_bebidas,1.5702399680866965e-16,1.187576111160533e-16,1.0000000000000002,1.451357460640966e-17,2.8065633716787646e-17,1.8706364897726517e-17,0.010867434868951644,-2.377508761611828e-16,4.1047430437401195e-17,0.08104724285001383,-1.5840543704095006e-16,0.01908782929015257,0.0745395483052657,-4.066949177098333e-17,2.2721891346035807e-17,0.024256474347111746,-1.214499246314389e-16,-4.164950343320614e-16,1.7506328688249548e-17,-1.6159800572807463e-18,5.782703612766905e-17,2.5410040191141935e-16,-1.6138882056277508e-16,-4.4328658894407667e-16,0.058051231170899026,0.050714014687234944,1.2825987792985988e-16,-2.519262531142903e-16,0.00926730480100211,1.9472411412113175e-16,0.046420177316624026,2.5340249324204322e-17,-6.184730056468359e-17,0.026952540734242376,1.2068928099784012e-16,7.923124952587861e-17,-2.5764915655777098e-17,6.424143185527415e-16,1.135409977651262e-16,-1.0490956069996408e-17,0.09048739142435075,-0.0036501214080033946,-1.3302964122937188e-16,5.554018726177779e-16,0.05622487970856026,-8.595078218956138e-17,7.542735800276653e-17,-3.022456391140795e-17,0.09073210817988156
artes,-1.0560913633664639e-17,4.73689486114934e-17,1.451357460640966e-17,1.0000000000000002,5.3523136696938435e-17,6.461411721570142e-17,-1.2604613248923834e-16,3.3807795001199813e-18,-2.210842459773633e-16,5.150759309885081e-17,-2.1131735137858626e-16,-2.804714132754134e-17,1.7911471757999974e-16,7.56179901365373e-17,3.3898073984550275e-18,4.3077795777332404e-17,-4.673038020268746e-16,-1.9157969394557166e-16,7.401231831038863e-17,1.6302901151694805e-16,-3.1468472149614403e-16,-2.85356691010142e-16,3.7238931253257253e-17,3.7328889208875527e-16,-2.0307223674328263e-17,0.06040175162572481,-2.2061403194405374e-16,-7.501365502363298e-16,0.008278206423050223,3.294012414670571e-16,-7.059543876585077e-17,-4.1802808257129335e-17,2.3873574588596867e-17,-1.748699702808569e-18,4.4429969450507234e-17,1.1768948903857273e-16,0.04978524244354997,1.023602139886761e-16,-1.4829774919694968e-16,-1.4577791703982749e-16,-4.7020311200787155e-16,0.9957313639092277,-3.715827948296663e-16,-1.896781945016034e-17,-3.308049593161544e-16,-4.408454972510736e-17,-3.856081555396697e-17,1.36609098311384e-16,1.0495077029659683e-16
artigos_de_natal,2.4985811393992426e-17,-8.819070235874562e-17,2.8065633716787646e-17,5.3523136696938435e-17,1.0,2.403998590667252e-16,0.020915756854527567,-6.679236163689871e-17,-7.105575816823781e-17,1.6983619119603983e-16,-2.418696828112412e-16,-3.17746146381367e-17,-3.192382641797433e-17,-4.2026068663196995e-17,5.5158410782568577e-17,-2.4734961652274868e-17,2.471352693836193e-17,1.1534146118655385e-17,-1.581691112958966e-17,-9.472806737125366e-17,-4.3646133635512276e-17,-2.90503779311515e-17,-1.3962142208718113e-16,3.616006840726198e-17,1.2260448891812642e-16,0.09760555394223215,-1.4322948532643329e-16,-2.7131891466613684e-17,6.518539288198523e-17,-2.4820130382806166e-16,5.3519593354079806e-17,-2.2582377326590145e-16,-8.041595482498423e-18,8.249897292229352e-17,1.5511406775905968e-16,4.341675207090448e-17,0.012318894204587311,3.5870690009633523e-17,-1.1282379696358657e-16,7.275947896166343e-17,5.40089971273438e-17,-0.015781109079132282,4.736628334581429e-17,7.557613339966466e-17,0.12023545853995232,-3.084434766745033e-16,-7.622256990285292e-17,1.5691913134120278e-16,1.8865117801247777e-17
audio,9.992816021390919e-17,0.059665895018022726,1.8706364897726517e-17,6.461411721570142e-17,2.403998590667252e-16,0.9999999999999999,-1.431275206081727e-16,1.1307905583661939e-16,1.1571472501133874e-16,6.362696810582502e-17,-1.448455105084897e-17,-4.29075452415839e-17,-1.1413845638864726e-16,-2.8101216079253744e-17,2.1766469430895017e-16,-8.3117604895243e-17,-2.8755089632248885e-17,-1.481175317058635e-16,3.2055101841384173e-16,1.707487960520026e-17,0.038943451095588465,-2.0528161681523014e-16,0.10570313163539415,-5.168458624697537e-17,0.027036277429447687,0.0075285899726486956,-1.6393722072212422e-16,-3.4684882471148765e-16,-4.50829362471608e-17,-9.830921774276573e-17,-2.049859903605454e-17,9.898389512870093e-17,2.2597474752882817e-16,1.806720848587863e-16,-3.3486417942134456e-16,-2.361910566164413e-16,6.579924289685184e-18,-2.178907373881664e-17,-3.6752913321896575e-17,9.107543508516142e-17,-5.547161174032781e-18,-0.008379581992535788,7.786209966796283e-18,1.57907694846291e-17,0.09892371144442046,-2.943724495407169e-16,0.07854089275934097,7.261560935570057e-17,-5.551115123125783e-17
automotivo,4.31497147468682e-17,-1.732660255482706e-17,0.010867434868951644,-1.2604613248923834e-16,0.020915756854527567,-1.431275206081727e-16,1.0000000000000002,0.024748608868741022,0.048710641880481985,0.04926540787580091,0.01635458729278392,0.04056468157718277,1.1062412919369677e-16,0.026572810061174096,-2.1687170219254058e-17,0.023527101275610526,0.008309326150197837,3.343554479670948e-16,0.06807105172991501,0.12422662087685735,0.05634946708170736,0.027449120308441,0.026596702616847566,-1.7544385673185213e-16,0.01279942982898004,0.03772527862607944,1.698440269359516e-16,-1.184869127188855e-16,0.02502070889825234,-2.5527844287792966e-16,0.0025697612838056576,0.04885498425154124,1.1257412606019222e-16,0.033847611427328395,7.368050679603717e-18,0.03343723084560399,0.03513798790683897,0.006491309749165337,0.05032963228268705,1.244736983669438e-16,0.04090900200887521,0.0020229629021370297,0.024800475571006203,0.08605201232645758,0.032566359265556184,1.8283951404878976e-16,0.05200191534036864,-2.0960486411158052e-16,0.013080241554159766
bebes,-1.4378537411748413e-16,2.2252642838794764e-16,-2.377508761611828e-16,3.3807795001199813e-18,-6.679236163689871e-17,1.1307905583661939e-16,0.024748608868741022,1.0000000000000002,1.3870934494119222e-17,0.009450003125252055,0.16033656489121362,0.06384379443251768,-1.8856980502022221e-16,4.247974040328125e-16,6.32690190415556e-17,0.041642246082524335,1.0943233703059883e-16,0.007133264238380664,5.00063537725611e-17,4.021058134473997e-18,0.04882218793264858,9.4053386222684e-17,1.0972705349686161e-16,-2.5553438341554426e-16,0.04043799396462112,0.059345097577071036,-1.0358694115345826e-17,-5.439698574730958e-17,0.0420014074271424,1.0732012343189431e-16,0.012750677080939429,-6.793961264326679e-17,2.118002102493626e-17,5.1591459636593295e-17,3.692907242660533e-17,2.91806569184025e-17,0.04467092139771753,-1.0268207468851498e-16,-4.598322612552055e-17,0.03936965601254377,0.05072457775660344,0.001944316263307807,6.750348959793659e-16,-5.049637289710084e-16,0.002745569617046,1.636277987111676e-16,0.022243432998806628,5.927557089017268e-17,0.08671929874127199
bebidas,-1.7495855143294814e-16,1.0092766356259117e-16,4.1047430437401195e-17,-2.210842459773633e-16,-7.105575816823781e-17,1.1571472501133874e-16,0.048710641880481985,1.3870934494119222e-17,1.0,0.04188342624043672,3.9855921499755235e-18,4.370076008698459e-17,3.6469835092983404e-16,-1.341452405273292e-16,-9.968713783272892e-17,2.5917186449221588e-17,-5.091924749371124e-16,-1.8975610274974852e-17,-2.2104440997273818e-17,-4.659591259530481e-17,1.0699965511929483e-16,-3.10437461019822e-16,0.06252794573726456,-7.006045074136338e-17,0.05548394477818057,4.567806566597603e-19,-9.407686060025954e-17,-2.0429227163330042e-17,-6.327794557475293e-17,1.2179178621991602e-19,0.029129406569182267,-3.8806162964558674e-17,3.711824373515239e-17,3.062434151417908e-16,-2.6874773096190908e-17,-1.6283347549247064e-16,0.0034427321839896594,1.8036329121551944e-16,-1.0084705891531488e-16,-1.1194646703918525e-16,0.039747603662609945,0.002656830041154458,-6.168073992094098e-17,2.6500978144612066e-16,-5.873155888488906e-17,-3.22449439552415e-17,0.09364657029276549,2.6974723770126428e-17,0.01916110492683922
beleza_saude,-1.8759584618694801e-16,0.009760875450733328,0.08104724285001383,5.150759309885081e-17,1.6983619119603983e-16,6.362696810582502e-17,0.04926540787580091,0.009450003125252055,0.04188342624043672,0.9999999999999998,0.007018876139483134,0.04172441028712684,0.029554861469616302,5.781262449956876e-16,1.884210678878964e-16,0.048108384230317144,0.005832410272783124,4.731995360425854e-16,-1.2654757294731764e-17,1.1946914307543325e-17,0.06397390302273903,3.724657848631689e-16,0.005646435459518158,4.1091183254924935e-16,0.09292379654655179,0.009852949195914491,0.0737086665284881,-1.2783666145737332e-16,0.018380043767538986,-4.5068638580600444e-17,0.047594807312610926,-6.512951703167532e-17,0.0361544499474971,0.07919340791680737,-6.21066610721644e-17,1.2440178751095282e-16,0.04124442605160841,0.0034172429551297193,2.1720215806495954e-16,2.031517374739146e-16,0.048591953460338996,0.0004706061977141488,0.0610502660556643,0.013895038925150649,0.049763180971189584,0.07000561665343046,0.010488716725732063,-2.350185359755566e-16,0.030792231385777358
brinquedos,-4.4296008287173905e-17,1.8089212975448393e-16,-1.5840543704095006e-16,-2.1131735137858626e-16,-2.418696828112412e-16,-1.448455105084897e-17,0.01635458729278392,0.16033656489121362,3.9855921499755235e-18,0.007018876139483134,1.0000000000000004,0.04120436320314815,-1.2297623847356772e-16,1.640938896950181e-16,1.4244852756039642e-16,0.03650398018564613,4.2185776451851246e-16,-9.334893267937835e-17,3.051687223665083e-17,-2.6344235827817234e-17,0.10353051472123909,1.1895709564835486e-16,-1.100125132150051e-16,0.04217794954767807,0.0633455214026693,0.04693443897664821,0.027128448990350208,-3.183204145315656e-17,0.013946524378982451,2.1342006164106408e-16,6.219235278605568e-17,0.06903317679854112,-6.755951396073558e-17,-6.769746891634897e-17,2.368120279954379e-17,1.207887463982039e-16,0.04057432869243177,0.021175815071350298,2.620072218995073e-16,0.0046120323359291025,0.02178816193210618,0.00015475011778034092,0.0007965892270096732,3.8197967895609233e-16,0.07690682356372983,-4.5989740017238743e-17,-5.024429279313954e-17,1.1442452113033874e-17,0.0377265229575427
cama_mesa_banho,-3.819709394894654e-16,-5.668954054160008e-17,0.01908782929015257,-2.804714132754134e-17,-3.17746146381367e-17,-4.29075452415839e-17,0.04056468157718277,0.06384379443251768,4.370076008698459e-17,0.04172441028712684,0.04120436320314815,1.0000000000000002,0.1349535720879643,0.019304262923569643,0.02420767291639917,1.173774164118689e-16,0.03624351582899459,0.022795976626782642,1.4152053289321076e-17,6.776874270364818e-17,0.04144934104724591,0.008228233985677659,0.0018462326053128688,1.457425231298784e-17,0.054692803942001336,0.05610217723934304,0.05160969219262276,0.00815064996272184,0.034041237350187596,-2.6747490807116397e-17,0.04090718381862843,0.018679748187941884,7.309052958896783e-17,3.054368160846966e-17,0.05861576898040242,0.08876882238790325,0.15647366671591237,0.05037940917586899,0.038968251969917614,0.057755404214186894,0.024439991507931826,0.00016943869580594728,0.0011580302032496224,0.04598179590293055,0.038600620240460806,-1.1586112163230526e-16,0.04286910508800082,-5.788819423905688e-17,0.18114146022339617
casa_conforto,-1.5908224428635824e-16,-4.0773305238550933e-16,0.0745395483052657,1.7911471757999974e-16,-3.192382641797433e-17,-1.1413845638864726e-16,1.1062412919369677e-16,-1.8856980502022221e-16,3.6469835092983404e-16,0.029554861469616302,-1.2297623847356772e-16,0.1349535720879643,1.0,5.919650871611222e-17,-2.6318601312688017e-16,-4.603813658820225e-16,3.0161185293894843e-16,2.1237101111427823e-16,8.633070794369792e-17,1.2332113775776796e-16,2.5392027371886496e-17,-1.310916073601816e-16,-1.6867801249291987e-17,-1.2547957969358892e-16,0.026461358139161097,4.5646784435990984e-17,4.045002075755021e-17,-3.6041238628269043e-16,1.0244448450943616e-16,1.1569165083312287e-16,1.0387720421871626e-17,5.319376066606753e-17,2.4455576598172167e-16,-3.5551176408198324e-17,1.049186729822868e-16,9.430002113466258e-17,0.011771547061323925,5.747955864842603e-16,-2.9153304433220146e-16,9.583105584063641e-17,5.5099406124301357e-17,-5.739213224436485e-05,9.652342243675303e-17,7.730637998060994e-17,-1.9159237095532223e-16,1.2939844371557246e-16,1.5008645299738354e-16,-4.851493488924097e-18,-1.249000902703301e-16
casa_construcao,3.8480183340609826e-17,-1.2830256796069217e-16,-4.066949177098333e-17,7.56179901365373e-17,-4.2026068663196995e-17,-2.8101216079253744e-17,0.026572810061174096,4.247974040328125e-16,-1.341452405273292e-16,5.781262449956876e-16,1.640938896950181e-16,0.019304262923569643,5.919650871611222e-17,1.0000000000000004,-1.3859160565045497e-16,1.6015271313242745e-18,9.401074034836997e-17,0.020734625691284255,-5.475447932500531e-17,-2.4272239919921766e-17,-3.365762089583236e-17,-1.8362770035210258e-16,2.577303668298022e-16,1.4229524075640353e-16,-1.3756279852200803e-16,-6.704400356229478e-17,1.5615212300426772e-16,2.514344649116513e-17,0.026285840820923348,5.306650146313713e-18,0.03150359100494757,6.293268202669801e-19,1.1067969060518505e-16,0.03825705401588439,-4.457913443246052e-17,-4.0284392690088746e-17,0.07290574404492542,6.842016314678346e-16,-1.9449812802333636e-17,-1.4204980422691668e-16,0.10403630051227866,-0.0003216296684057729,-3.7026474606561546e-16,-2.1957186670384138e-17,-1.6625266420824122e-16,7.985717120463741e-17,0.012931225927054583,-8.671710737328515e-17,0.03517656114059552
climatizacao,-1.0020893795050992e-18,-1.2371165797628945e-16,2.2721891346035807e-17,3.3898073984550275e-18,5.5158410782568577e-17,2.1766469430895017e-16,-2.1687170219254058e-17,6.32690190415556e-17,-9.968713783272892e-17,1.884210678878964e-16,1.4244852756039642e-16,0.02420767291639917,-2.6318601312688017e-16,-1.3859160565045497e-16,1.0000000000000002,2.39923761557792e-16,0.08566212297815301,8.809946114790798e-17,-5.238324977475453e-18,6.19478524649467e-17,-6.1219514529890824e-18,0.18480144236468427,-8.723224025640543e-17,-7.722441025507971e-18,-5.885732315095996e-17,0.048237607109392254,1.7649253394407635e-16,1.6633451946378919e-16,0.04407387294327748,2.4279671548344534e-16,-8.922850402640999e-18,-6.484855181966016e-16,-7.760867307192392e-16,-7.340664843118222e-17,6.1290450938104844e-18,1.913102343725867e-16,0.04224407333335426,-9.202471484813707e-17,0.16942234459631525,3.672123113691834e-17,-5.847066096491407e-17,0.0013207629859126404,-1.4470304660719317e-16,-3.7181950813651625e-17,3.076343567963499e-17,-8.199044742288682e-16,-3.807973562084788e-17,-5.165962518931987e-17,-3.9898639947466563e-17
consoles_games,1.1641296379402247e-16,-5.351807382207784e-16,0.024256474347111746,4.3077795777332404e-17,-2.4734961652274868e-17,-8.3117604895243e-17,0.023527101275610526,0.041642246082524335,2.5917186449221588e-17,0.048108384230317144,0.03650398018564613,1.173774164118689e-16,-4.603813658820225e-16,1.6015271313242745e-18,2.39923761557792e-16,1.0,1.3329404582378943e-16,4.1147412475627216e-16,-4.350885326312592e-16,3.249214399966761e-16,0.0413618785966634,2.2441349936057957e-16,1.5768903505089334e-16,1.0021987555262019e-16,0.02603712018614199,0.03198449194329648,0.11601063668527069,-3.683735714639894e-16,0.05725455835660512,-2.31298815334598e-16,0.030590891980430066,1.2896692483750234e-17,-4.092327702675028e-16,2.491501168832109e-16,-1.2756638422245231e-17,1.2714805880483506e-16,7.211779305978643e-17,1.4961028235382883e-16,-3.9789543934116245e-16,0.049306616081746274,-1.3809320035304e-16,-0.0047283311322986665,0.054503859581424105,2.2333041975121214e-17,0.031520092041038825,-2.5559097824036124e-16,1.7352232485415755e-16,-2.1357219807276078e-17,0.022008939593576915
construcao_ferramentas_construcao,-8.668793876732667e-17,-6.530929318361916e-17,-1.214499246314389e-16,-4.673038020268746e-16,2.471352693836193e-17,-2.8755089632248885e-17,0.008309326150197837,1.0943233703059883e-16,-5.091924749371124e-16,0.005832410272783124,4.2185776451851246e-16,0.03624351582899459,3.0161185293894843e-16,9.401074034836997e-17,0.08566212297815301,1.3329404582378943e-16,1.0000000000000004,-8.164419939527691e-17,5.212695243518343e-18,8.995862530623056e-17,3.171619028243657e-16,0.045494872251373074,4.960789476366918e-16,-3.5159193481471004e-16,0.01759138572504764,-2.559232657588291e-16,-8.673302176650859e-17,-1.912146732648273e-16,0.029512582403985733,1.5407545186834686e-16,-4.7508659605529225e-17,7.136823537357338e-17,-8.693070676917686e-18,-1.1448223678510864e-16,5.216229531977968e-17,1.1265270618457306e-16,0.03156629867693807,-1.353659141867663e-16,0.08341761650027438,0.08237987038911507,-2.810264021923342e-17,-0.000768153572138183,-1.1829511630453152e-16,8.740180267169634e-17,0.023405658562591056,6.80355117757977e-18,-9.540645511733637e-16,1.6286774061055828e-16,0.007324344490088007
construcao_ferramentas_iluminacao,-1.5098508016870152e-16,-3.558155699543347e-16,-4.164950343320614e-16,-1.9157969394557166e-16,1.1534146118655385e-17,-1.481175317058635e-16,3.343554479670948e-16,0.007133264238380664,-1.8975610274974852e-17,4.731995360425854e-16,-9.334893267937835e-17,0.022795976626782642,2.1237101111427823e-16,0.020734625691284255,8.809946114790798e-17,4.1147412475627216e-16,-8.164419939527691e-17,1.0000000000000002,-5.071790861921558e-17,1.3724311123678734e-16,-1.0273561613067743e-17,1.553287412454631e-17,-1.5511512332219593e-16,0.15448363457190575,-2.2108203197099531e-16,3.579275378056782e-16,1.1848509034514851e-16,5.951717491912832e-17,0.03128737294664134,8.883393796054576e-17,-1.9479721980677058e-16,4.27881513645006e-17,4.371501965943619e-17,-1.0607426131389336e-16,-2.5454607094777445e-17,6.321761825293611e-17,0.07201455899449524,-2.599878249305579e-16,1.2946634608093377e-16,-1.7838265204125208e-16,2.352913270002086e-16,0.00485812280312713,1.4700759476026782e-16,-1.1201539217131429e-16,-1.993552612452462e-16,1.7397429037388867e-16,-5.2779921670653945e-17,7.602622838014884e-17,-4.5102810375396984e-17
construcao_ferramentas_jardim,1.6344924174938099e-16,-1.3180851026296445e-16,1.7506328688249548e-17,7.401231831038863e-17,-1.581691112958966e-17,3.2055101841384173e-16,0.06807105172991501,5.00063537725611e-17,-2.2104440997273818e-17,-1.2654757294731764e-17,3.051687223665083e-17,1.4152053289321076e-17,8.633070794369792e-17,-5.475447932500531e-17,-5.238324977475453e-18,-4.350885326312592e-16,5.212695243518343e-18,-5.071790861921558e-17,1.0,-3.9396205222796035e-16,-6.837276476511962e-17,-2.661166574216875e-17,1.6331329747533908e-17,-4.9107879450513554e-17,2.489534277975684e-17,3.79866051306463e-17,-2.9135960771836576e-16,1.013079164802108e-16,-4.048142598130489e-17,-4.866499561215264e-16,5.6617860553467385e-18,6.561858498452856e-16,8.326714932813906e-17,-1.2208611843857649e-17,1.8578677277730857e-16,7.939586272874595e-17,-1.7335125187872476e-18,8.673019657681269e-17,3.2767528819986457e-16,1.247335072524667e-16,-1.3195352521810708e-16,0.006575217270217449,0.08288907801296022,-6.316241970934259e-17,1.370831634648689e-16,1.2602845703369565e-16,-1.414364652599341e-16,1.0218595092538114e-16,-5.692061405548898e-18
construcao_ferramentas_seguranca,2.159061314877823e-16,-1.3051458782985056e-16,-1.6159800572807463e-18,1.6302901151694805e-16,-9.472806737125366e-17,1.707487960520026e-17,0.12422662087685735,4.021058134473997e-18,-4.659591259530481e-17,1.1946914307543325e-17,-2.6344235827817234e-17,6.776874270364818e-17,1.2332113775776796e-16,-2.4272239919921766e-17,6.19478524649467e-17,3.249214399966761e-16,8.995862530623056e-17,1.3724311123678734e-16,-3.9396205222796035e-16,1.0,6.227352977502346e-17,7.301104191052885e-17,-1.1448440015152614e-16,8.272627429918826e-17,-5.068739110859225e-17,-2.7590419417106474e-17,1.4987766913628022e-16,1.0609078585870899e-16,-2.5601691443569576e-17,-1.647554701615818e-17,5.3883585163267306e-18,2.862456303832237e-16,-2.327543827679331e-16,-2.135392252676046e-16,7.040992338037416e-17,2.752856087297957e-16,-4.288853545124929e-18,-1.7381176466447266e-17,-3.43061158027117e-16,6.065971644166703e-17,-6.246101223005155e-17,-0.010539884024066009,-3.0113007299935327e-17,-5.846592934395356e-17,-1.9946147192906723e-17,2.3613391449906567e-16,-5.389006640667185e-17,6.508442452237743e-17,4.0440741033709315e-17
cool_stuff,6.686322145502157e-18,-2.3881785507488927e-16,5.782703612766905e-17,-3.1468472149614403e-16,-4.3646133635512276e-17,0.038943451095588465,0.05634946708170736,0.04882218793264858,1.0699965511929483e-16,0.06397390302273903,0.10353051472123909,0.04144934104724591,2.5392027371886496e-17,-3.365762089583236e-17,-6.1219514529890824e-18,0.0413618785966634,3.171619028243657e-16,-1.0273561613067743e-17,-6.837276476511962e-17,6.227352977502346e-17,0.9999999999999999,-1.6962869288461537e-16,0.0297344524871616,0.01720473545950395,0.042304738034597354,0.02294287521615802,-1.2696297058146514e-16,-1.3153339983479539e-16,3.37140559104061e-16,-2.0605038168204085e-17,-3.371049447029206e-16,3.9644452112899817e-17,-5.3901128287841036e-17,8.175919215948583e-17,-7.083610499719976e-17,-1.1648932615392618e-16,0.050373499001717933,-1.4245489232249792e-16,1.2600969800902019e-17,0.03266121950819348,0.036275803962928926,0.0005710347435185396,0.022564955062030455,0.009752212673282142,0.07977185484695301,-6.994882502197299e-17,0.007953722343427254,0.05742340276477978,0.026474065938308634
eletrodomesticos,-6.075242006656677e-17,-1.4196404116475503e-16,2.5410040191141935e-16,-2.85356691010142e-16,-2.90503779311515e-17,-2.0528161681523014e-16,0.027449120308441,9.4053386222684e-17,-3.10437461019822e-16,3.724657848631689e-16,1.1895709564835486e-16,0.008228233985677659,-1.310916073601816e-16,-1.8362770035210258e-16,0.18480144236468427,2.2441349936057957e-16,0.045494872251373074,1.553287412454631e-17,-2.661166574216875e-17,7.301104191052885e-17,-1.6962869288461537e-16,1.0000000000000002,-2.038097337326089e-16,-6.643027662578733e-17,-1.479028192854435e-17,-1.2514398453448861e-16,-7.439038964061414e-17,1.0121736083723931e-16,0.023407489208375397,-1.0521002654448133e-17,0.01875979820104293,-5.027724929029486e-17,2.198628485364327e-16,0.0605129845597335,3.4679459555335503e-17,1.3108987993867203e-16,0.01689275380216041,-4.913736266034027e-16,0.08997965093514147,-3.1199603620592143e-16,5.405979115008198e-17,4.7799105751970754e-06,-3.3101586410508624e-17,-2.30439116369262e-16,-1.392996784672044e-16,-5.3991703296094185e-17,8.28676698296295e-17,2.864751983491654e-17,0.046050348785579905
eletronicos,-4.104429618868032e-17,0.0027333983053981926,-1.6138882056277508e-16,3.7238931253257253e-17,-1.3962142208718113e-16,0.10570313163539415,0.026596702616847566,1.0972705349686161e-16,0.06252794573726456,0.005646435459518158,-1.100125132150051e-16,0.0018462326053128688,-1.6867801249291987e-17,2.577303668298022e-16,-8.723224025640543e-17,1.5768903505089334e-16,4.960789476366918e-16,-1.5511512332219593e-16,1.6331329747533908e-17,-1.1448440015152614e-16,0.0297344524871616,-2.038097337326089e-16,1.0000000000000002,-2.4391384359903327e-16,0.04549881445115688,-4.989799555202758e-17,6.073518993540121e-17,-1.585484513684628e-17,0.009835398027891724,-8.95047199864507e-17,0.08865261752951192,1.7456318380134295e-16,-6.142993845430152e-17,-1.7847823572353544e-17,-8.227387395373248e-18,-2.1986831581257817e-19,0.02274214825491643,-2.0176199748016533e-16,6.301261495532353e-18,5.983974562832562e-16,-5.155157834654253e-16,0.004174121081169171,3.1602850799255525e-17,0.005185990724238715,2.1273633859617385e-17,2.0671563574818268e-16,0.02937220197985744,1.1051902880048189e-16,-1.43982048506075e-16
eletroportateis,-1.3812645244045534e-16,-2.576796571034895e-16,-4.4328658894407667e-16,3.7328889208875527e-16,3.616006840726198e-17,-5.168458624697537e-17,-1.7544385673185213e-16,-2.5553438341554426e-16,-7.006045074136338e-17,4.1091183254924935e-16,0.04217794954767807,1.457425231298784e-17,-1.2547957969358892e-16,1.4229524075640353e-16,-7.722441025507971e-18,1.0021987555262019e-16,-3.5159193481471004e-16,0.15448363457190575,-4.9107879450513554e-17,8.272627429918826e-17,0.01720473545950395,-6.643027662578733e-17,-2.4391384359903327e-16,1.0,-3.6885103183179293e-16,2.231578794756232e-16,4.220031728884137e-17,-2.4000898458184674e-16,-3.4135827436685837e-16,-2.940503276562287e-17,-6.060314079258858e-17,-5.249454563135636e-17,1.1071811840503438e-16,-2.293811416293914e-16,2.851871629200561e-17,-6.933627943514532e-17,0.03655249604586486,0.05126893597061988,-8.497456894252444e-18,-1.0721987307443011e-16,-1.0873242584270795e-17,0.003550923335416116,-2.7056608111618e-16,-1.1122434676532412e-16,-2.63191099977234e-17,2.638800266475728e-16,0.038537715807844534,-2.3595263943999636e-16,0.033733518215175666
esporte_lazer,2.6155973287857406e-16,0.06082487337594666,0.058051231170899026,-2.0307223674328263e-17,1.2260448891812642e-16,0.027036277429447687,0.01279942982898004,0.04043799396462112,0.05548394477818057,0.09292379654655179,0.0633455214026693,0.054692803942001336,0.026461358139161097,-1.3756279852200803e-16,-5.885732315095996e-17,0.02603712018614199,0.01759138572504764,-2.2108203197099531e-16,2.489534277975684e-17,-5.068739110859225e-17,0.042304738034597354,-1.479028192854435e-17,0.04549881445115688,-3.6885103183179293e-16,0.9999999999999998,0.022873783460131893,0.03266349425204432,0.08839953186751122,0.03923294105720864,0.03593585736206176,0.035614962108771756,9.649982751202894e-17,5.2821835501200025e-17,0.007524532088569033,-9.238291200314809e-17,-2.0240996918196174e-16,0.03949744884029284,0.009178681799321317,-9.694765351042578e-17,0.027765150110211696,0.022728810923905243,0.00044255814659764414,0.035007812245827906,0.03021300007724758,0.04105290433482159,0.05014251062346897,0.04178934556786277,0.04069642178612466,0.029592641170593285
fashion_bolsas_e_acessorios,-1.6629214086874576e-16,9.660988625947952e-17,0.050714014687234944,0.06040175162572481,0.09760555394223215,0.0075285899726486956,0.03772527862607944,0.059345097577071036,4.567806566597603e-19,0.009852949195914491,0.04693443897664821,0.05610217723934304,4.5646784435990984e-17,-6.704400356229478e-17,0.048237607109392254,0.03198449194329648,-2.559232657588291e-16,3.579275378056782e-16,3.79866051306463e-17,-2.7590419417106474e-17,0.02294287521615802,-1.2514398453448861e-16,-4.989799555202758e-17,2.231578794756232e-16,0.022873783460131893,1.0000000000000002,-7.661298514757854e-17,2.4611752476728174e-16,0.02818042835697065,-6.351646810713533e-17,0.041972203718176296,0.04559737267818203,0.07848819593411843,0.04190600350118753,0.024872480085969026,1.672862524007099e-16,0.02783442429419834,0.0045438557754662896,0.046973692349049544,-2.3437490156842677e-16,7.156154464857554e-17,-0.0020443255141322585,0.04843022673871332,0.0686252211498443,0.054939382404911793,1.1590529329415237e-16,0.062062754771229196,1.1716969742520393e-16,0.08019757277339472
fashion_calcados,-1.9701040989542773e-16,-4.3605516021620184e-17,1.2825987792985988e-16,-2.2061403194405374e-16,-1.4322948532643329e-16,-1.6393722072212422e-16,1.698440269359516e-16,-1.0358694115345826e-17,-9.407686060025954e-17,0.0737086665284881,0.027128448990350208,0.05160969219262276,4.045002075755021e-17,1.5615212300426772e-16,1.7649253394407635e-16,0.11601063668527069,-8.673302176650859e-17,1.1848509034514851e-16,-2.9135960771836576e-16,1.4987766913628022e-16,-1.2696297058146514e-16,-7.439038964061414e-17,6.073518993540121e-17,4.220031728884137e-17,0.03266349425204432,-7.661298514757854e-17,1.0,-6.649984876855189e-17,1.1076260344840195e-16,7.389778338541646e-16,-3.8721996663681594e-17,3.0902588423460476e-16,-1.229875516953859e-16,0.0023384131360268206,-5.850625092622297e-17,2.434167272114696e-16,1.1825125466014097e-16,2.8039432165097387e-16,8.60799254934294e-17,2.559094069695644e-16,1.5534597839640667e-16,0.007755865409626205,0.007594746348098115,-9.20898414174864e-17,0.047805310307051985,4.505657819718681e-16,-1.8966112635085417e-16,-5.386531001996599e-17,-8.878568237233998e-17
fashion_roupa_masculina,-1.120091307590595e-16,-1.2136031633570878e-16,-2.519262531142903e-16,-7.501365502363298e-16,-2.7131891466613684e-17,-3.4684882471148765e-16,-1.184869127188855e-16,-5.439698574730958e-17,-2.0429227163330042e-17,-1.2783666145737332e-16,-3.183204145315656e-17,0.00815064996272184,-3.6041238628269043e-16,2.514344649116513e-17,1.6633451946378919e-16,-3.683735714639894e-16,-1.912146732648273e-16,5.951717491912832e-17,1.013079164802108e-16,1.0609078585870899e-16,-1.3153339983479539e-16,1.0121736083723931e-16,-1.585484513684628e-17,-2.4000898458184674e-16,0.08839953186751122,2.4611752476728174e-16,-6.649984876855189e-17,1.0,1.0354406552607714e-19,4.742188295989214e-16,-1.0475151710089132e-16,5.545655020221977e-17,-4.9051147359890236e-17,-2.8299810324041284e-17,-3.4638195065965216e-16,2.767945666412427e-16,2.922874067678061e-17,9.0268053521689e-17,1.4811771382733388e-18,-2.1743145103450237e-17,-2.8239066830026725e-17,-0.028327003295597036,-8.371929659838759e-17,-1.57254495482672e-16,-4.219010243659045e-16,2.500726627346608e-17,-4.958043898713271e-17,-5.343153423923326e-17,0.04563514674555796
ferramentas_jardim,-1.3953727546052487e-17,1.4030131113036371e-16,0.00926730480100211,0.008278206423050223,6.518539288198523e-17,-4.50829362471608e-17,0.02502070889825234,0.0420014074271424,-6.327794557475293e-17,0.018380043767538986,0.013946524378982451,0.034041237350187596,1.0244448450943616e-16,0.026285840820923348,0.04407387294327748,0.05725455835660512,0.029512582403985733,0.03128737294664134,-4.048142598130489e-17,-2.5601691443569576e-17,3.37140559104061e-16,0.023407489208375397,0.009835398027891724,-3.4135827436685837e-16,0.03923294105720864,0.02818042835697065,1.1076260344840195e-16,1.0354406552607714e-19,1.0000000000000002,2.410514480076337e-17,0.030496809572156475,9.500782060405627e-17,1.278366347456414e-16,0.014043152071482542,2.2148448438001727e-17,0.04752317569024548,0.04530391890211935,0.019374333828571445,0.04291905573951039,-1.5442272473265613e-16,0.03488552683248262,0.0007374340418207084,0.01594296649477555,0.02377151818741328,0.018638694566976616,-5.4842279620278374e-17,0.015609988596306785,5.453044299226035e-17,0.05198931566073479
industria_comercio_e_negocios,5.078091533368272e-17,-3.7297048085038327e-16,1.9472411412113175e-16,3.294012414670571e-16,-2.4820130382806166e-16,-9.830921774276573e-17,-2.5527844287792966e-16,1.0732012343189431e-16,1.2179178621991602e-19,-4.5068638580600444e-17,2.1342006164106408e-16,-2.6747490807116397e-17,1.1569165083312287e-16,5.306650146313713e-18,2.4279671548344534e-16,-2.31298815334598e-16,1.5407545186834686e-16,8.883393796054576e-17,-4.866499561215264e-16,-1.647554701615818e-17,-2.0605038168204085e-17,-1.0521002654448133e-17,-8.95047199864507e-17,-2.940503276562287e-17,0.03593585736206176,-6.351646810713533e-17,7.389778338541646e-16,4.742188295989214e-16,2.410514480076337e-17,1.0,-1.5477602468229904e-16,-3.936959337856279e-17,-4.859600587394472e-16,1.0177266820061648e-16,-1.5367038700465e-16,-8.010985596515196e-16,0.04137170149448542,-5.3837471689997035e-18,-4.274719226842041e-16,9.912006310575147e-17,8.337058242910623e-17,0.013064575249274131,-2.832168828179309e-16,-3.33698611452586e-16,-3.569785509292735e-16,3.0101568354677616e-17,4.438796772449994e-16,6.643046575613762e-17,-1.4373474215203388e-16
informatica_acessorios,2.0413966235271433e-16,-2.5696276362650914e-17,0.046420177316624026,-7.059543876585077e-17,5.3519593354079806e-17,-2.049859903605454e-17,0.0025697612838056576,0.012750677080939429,0.029129406569182267,0.047594807312610926,6.219235278605568e-17,0.04090718381862843,1.0387720421871626e-17,0.03150359100494757,-8.922850402640999e-18,0.030590891980430066,-4.7508659605529225e-17,-1.9479721980677058e-16,5.6617860553467385e-18,5.3883585163267306e-18,-3.371049447029206e-16,0.01875979820104293,0.08865261752951192,-6.060314079258858e-17,0.035614962108771756,0.041972203718176296,-3.8721996663681594e-17,-1.0475151710089132e-16,0.030496809572156475,-1.5477602468229904e-16,0.9999999999999998,0.033389399564553834,4.4650344048476397e-17,1.034990118057751e-16,-2.4407605917755836e-17,0.02487325848292587,0.02671278865697537,1.9183560331967996e-18,-7.854853737201516e-17,-9.994954674391713e-17,0.018544105844454307,6.386392294497967e-05,-1.8245075095221048e-16,3.8913583563975236e-18,0.019302633886765754,0.013842385228694626,0.05670591921591385,0.02832503585770935,0.03438287179776914
instrumentos_musicais,-9.573947582339774e-17,4.0560491865102387e-16,2.5340249324204322e-17,-4.1802808257129335e-17,-2.2582377326590145e-16,9.898389512870093e-17,0.04885498425154124,-6.793961264326679e-17,-3.8806162964558674e-17,-6.512951703167532e-17,0.06903317679854112,0.018679748187941884,5.319376066606753e-17,6.293268202669801e-19,-6.484855181966016e-16,1.2896692483750234e-17,7.136823537357338e-17,4.27881513645006e-17,6.561858498452856e-16,2.862456303832237e-16,3.9644452112899817e-17,-5.027724929029486e-17,1.7456318380134295e-16,-5.249454563135636e-17,9.649982751202894e-17,0.04559737267818203,3.0902588423460476e-16,5.545655020221977e-17,9.500782060405627e-17,-3.936959337856279e-17,0.033389399564553834,0.9999999999999999,-8.242556271176729e-18,3.618886309441166e-16,9.081287833038261e-17,1.2642146941058657e-16,0.00751659080232834,8.335617407485232e-17,-1.3854049305996953e-16,4.070736733635246e-17,1.695075003038782e-17,-0.0022923045127321217,-8.360786183740756e-18,1.2372381113496085e-16,-1.9210867138792612e-17,-3.3894698372980976e-16,-7.465360346647775e-17,-5.058884908775176e-17,-5.32002585788281e-17
livros_interesse_geral,-1.5018562935022339e-16,6.408419787019475e-17,-6.184730056468359e-17,2.3873574588596867e-17,-8.041595482498423e-18,2.2597474752882817e-16,1.1257412606019222e-16,2.118002102493626e-17,3.711824373515239e-17,0.0361544499474971,-6.755951396073558e-17,7.309052958896783e-17,2.4455576598172167e-16,1.1067969060518505e-16,-7.760867307192392e-16,-4.092327702675028e-16,-8.693070676917686e-18,4.371501965943619e-17,8.326714932813906e-17,-2.327543827679331e-16,-5.3901128287841036e-17,2.198628485364327e-16,-6.142993845430152e-17,1.1071811840503438e-16,5.2821835501200025e-17,0.07848819593411843,-1.229875516953859e-16,-4.9051147359890236e-17,1.278366347456414e-16,-4.859600587394472e-16,4.4650344048476397e-17,-8.242556271176729e-18,1.0,-2.1274576819246812e-16,8.982923091658791e-17,3.4782659017584345e-16,2.2638877844941518e-17,1.2563612196325277e-16,-5.45425576718997e-16,-4.4319475481096395e-17,8.547102226548051e-17,0.00035502883726141327,4.179630132819312e-17,-9.254232553455982e-18,-5.0671328215944594e-17,-5.150027575593698e-16,-8.678163231777866e-17,1.5957750195701166e-16,-7.806255641895632e-18
malas_acessorios,-1.3538902681762519e-17,0.09388641384880515,0.026952540734242376,-1.748699702808569e-18,8.249897292229352e-17,1.806720848587863e-16,0.033847611427328395,5.1591459636593295e-17,3.062434151417908e-16,0.07919340791680737,-6.769746891634897e-17,3.054368160846966e-17,-3.5551176408198324e-17,0.03825705401588439,-7.340664843118222e-17,2.491501168832109e-16,-1.1448223678510864e-16,-1.0607426131389336e-16,-1.2208611843857649e-17,-2.135392252676046e-16,8.175919215948583e-17,0.0605129845597335,-1.7847823572353544e-17,-2.293811416293914e-16,0.007524532088569033,0.04190600350118753,0.0023384131360268206,-2.8299810324041284e-17,0.014043152071482542,1.0177266820061648e-16,1.034990118057751e-16,3.618886309441166e-16,-2.1274576819246812e-16,1.0,-2.2483858732397504e-16,-2.6483824402783098e-17,0.01594836456175285,-1.0457035210638229e-16,-3.7500455690863825e-17,-8.418780926928824e-17,0.028859513503968398,0.005712062206939874,0.058038460704621944,9.225271983649123e-17,0.01270693780907454,-8.648621530710927e-17,-1.2024675104378678e-16,2.643485658049845e-16,0.02173795223767419
market_place,-4.307965410725717e-17,6.675697873335719e-17,1.2068928099784012e-16,4.4429969450507234e-17,1.5511406775905968e-16,-3.3486417942134456e-16,7.368050679603717e-18,3.692907242660533e-17,-2.6874773096190908e-17,-6.21066610721644e-17,2.368120279954379e-17,0.05861576898040242,1.049186729822868e-16,-4.457913443246052e-17,6.1290450938104844e-18,-1.2756638422245231e-17,5.216229531977968e-17,-2.5454607094777445e-17,1.8578677277730857e-16,7.040992338037416e-17,-7.083610499719976e-17,3.4679459555335503e-17,-8.227387395373248e-18,2.851871629200561e-17,-9.238291200314809e-17,0.024872480085969026,-5.850625092622297e-17,-3.4638195065965216e-16,2.2148448438001727e-17,-1.5367038700465e-16,-2.4407605917755836e-17,9.081287833038261e-17,8.982923091658791e-17,-2.2483858732397504e-16,1.0000000000000002,-2.255248668628046e-16,0.010045377572381942,5.169379965329341e-17,9.364858236636282e-17,2.697689343011999e-17,2.4973275020997904e-17,-0.0021260100557342026,0.004153679355488094,8.171677248590301e-17,-1.5346903305859264e-16,1.7232183253479382e-16,1.4919811074001442e-16,4.160178935123605e-16,0.034230145829736686
moveis_cozinha_area_de_servico_jantar_e_jardim,5.194382594952431e-17,2.3570344685603666e-16,7.923124952587861e-17,1.1768948903857273e-16,4.341675207090448e-17,-2.361910566164413e-16,0.03343723084560399,2.91806569184025e-17,-1.6283347549247064e-16,1.2440178751095282e-16,1.207887463982039e-16,0.08876882238790325,9.430002113466258e-17,-4.0284392690088746e-17,1.913102343725867e-16,1.2714805880483506e-16,1.1265270618457306e-16,6.321761825293611e-17,7.939586272874595e-17,2.752856087297957e-16,-1.1648932615392618e-16,1.3108987993867203e-16,-2.1986831581257817e-19,-6.933627943514532e-17,-2.0240996918196174e-16,1.672862524007099e-16,2.434167272114696e-16,2.767945666412427e-16,0.04752317569024548,-8.010985596515196e-16,0.02487325848292587,1.2642146941058657e-16,3.4782659017584345e-16,-2.6483824402783098e-17,-2.255248668628046e-16,0.9999999999999999,0.022442837972998588,-9.033148053592301e-17,5.409043918941762e-16,5.727974289998888e-17,-8.206783188625536e-17,0.004253975823596594,-2.377735869469584e-16,-1.1982908186894622e-16,-1.9600922588640999e-16,3.2750767820544665e-16,2.349030737114333e-16,-1.1561973465838876e-16,0.03579065584595263
moveis_decoracao,0.028044890693638126,0.020066458725934835,-2.5764915655777098e-17,0.04978524244354997,0.012318894204587311,6.579924289685184e-18,0.03513798790683897,0.04467092139771753,0.0034427321839896594,0.04124442605160841,0.04057432869243177,0.15647366671591237,0.011771547061323925,0.07290574404492542,0.04224407333335426,7.211779305978643e-17,0.03156629867693807,0.07201455899449524,-1.7335125187872476e-18,-4.288853545124929e-18,0.050373499001717933,0.01689275380216041,0.02274214825491643,0.03655249604586486,0.03949744884029284,0.02783442429419834,1.1825125466014097e-16,2.922874067678061e-17,0.04530391890211935,0.04137170149448542,0.02671278865697537,0.00751659080232834,2.2638877844941518e-17,0.01594836456175285,0.010045377572381942,0.022442837972998588,1.0,0.022105918339754182,0.009679341240619626,0.05356270197159073,0.049172347916362436,-0.0002997563340768782,0.03664579863467235,0.02779216702129211,0.039923280905102956,-1.301053488615881e-16,0.003520450386953201,6.483505915288604e-18,0.10392046699576202
moveis_escritorio,8.670592321197508e-17,2.1050800011285275e-16,6.424143185527415e-16,1.023602139886761e-16,3.5870690009633523e-17,-2.178907373881664e-17,0.006491309749165337,-1.0268207468851498e-16,1.8036329121551944e-16,0.0034172429551297193,0.021175815071350298,0.05037940917586899,5.747955864842603e-16,6.842016314678346e-16,-9.202471484813707e-17,1.4961028235382883e-16,-1.353659141867663e-16,-2.599878249305579e-16,8.673019657681269e-17,-1.7381176466447266e-17,-1.4245489232249792e-16,-4.913736266034027e-16,-2.0176199748016533e-16,0.05126893597061988,0.009178681799321317,0.0045438557754662896,2.8039432165097387e-16,9.0268053521689e-17,0.019374333828571445,-5.3837471689997035e-18,1.9183560331967996e-18,8.335617407485232e-17,1.2563612196325277e-16,-1.0457035210638229e-16,5.169379965329341e-17,-9.033148053592301e-17,0.022105918339754182,1.0000000000000002,-7.590152037851618e-17,0.05886409669364683,5.653237275946285e-16,-0.0013782546263071363,2.9809597469374037e-16,-1.1304506521547113e-16,3.9629120637331936e-17,-2.3371923701432768e-17,1.7901827104691628e-16,-1.0824023509754338e-16,0.004168914004176374
moveis_quarto,2.776962049083834e-16,2.5632789852265117e-16,1.135409977651262e-16,-1.4829774919694968e-16,-1.1282379696358657e-16,-3.6752913321896575e-17,0.05032963228268705,-4.598322612552055e-17,-1.0084705891531488e-16,2.1720215806495954e-16,2.620072218995073e-16,0.038968251969917614,-2.9153304433220146e-16,-1.9449812802333636e-17,0.16942234459631525,-3.9789543934116245e-16,0.08341761650027438,1.2946634608093377e-16,3.2767528819986457e-16,-3.43061158027117e-16,1.2600969800902019e-17,0.08997965093514147,6.301261495532353e-18,-8.497456894252444e-18,-9.694765351042578e-17,0.046973692349049544,8.60799254934294e-17,1.4811771382733388e-18,0.04291905573951039,-4.274719226842041e-16,-7.854853737201516e-17,-1.3854049305996953e-16,-5.45425576718997e-16,-3.7500455690863825e-17,9.364858236636282e-17,5.409043918941762e-16,0.009679341240619626,-7.590152037851618e-17,1.0,3.704839741009275e-16,0.06705092329920163,0.001516295798968766,-1.078217940541616e-16,0.06489233188709446,-2.913959795660991e-18,-8.772897606813002e-16,-5.689202679875821e-17,3.4248847265987025e-17,0.03232320085716345
moveis_sala,-1.4507283375324285e-16,2.714430760635276e-16,-1.0490956069996408e-17,-1.4577791703982749e-16,7.275947896166343e-17,9.107543508516142e-17,1.244736983669438e-16,0.03936965601254377,-1.1194646703918525e-16,2.031517374739146e-16,0.0046120323359291025,0.057755404214186894,9.583105584063641e-17,-1.4204980422691668e-16,3.672123113691834e-17,0.049306616081746274,0.08237987038911507,-1.7838265204125208e-16,1.247335072524667e-16,6.065971644166703e-17,0.03266121950819348,-3.1199603620592143e-16,5.983974562832562e-16,-1.0721987307443011e-16,0.027765150110211696,-2.3437490156842677e-16,2.559094069695644e-16,-2.1743145103450237e-17,-1.5442272473265613e-16,9.912006310575147e-17,-9.994954674391713e-17,4.070736733635246e-17,-4.4319475481096395e-17,-8.418780926928824e-17,2.697689343011999e-17,5.727974289998888e-17,0.05356270197159073,0.05886409669364683,3.704839741009275e-16,1.0000000000000002,1.3827257135758017e-16,0.0004572791990731265,3.6254460841591944e-17,-5.257518974093364e-16,-7.128915315102336e-17,1.4085195531555038e-16,1.1560614424728943e-16,-2.775187256025459e-17,0.03475851830706629
papelaria,3.3366501459699217e-17,4.7599402473684806e-18,0.09048739142435075,-4.7020311200787155e-16,5.40089971273438e-17,-5.547161174032781e-18,0.04090900200887521,0.05072457775660344,0.039747603662609945,0.048591953460338996,0.02178816193210618,0.024439991507931826,5.5099406124301357e-17,0.10403630051227866,-5.847066096491407e-17,-1.3809320035304e-16,-2.810264021923342e-17,2.352913270002086e-16,-1.3195352521810708e-16,-6.246101223005155e-17,0.036275803962928926,5.405979115008198e-17,-5.155157834654253e-16,-1.0873242584270795e-17,0.022728810923905243,7.156154464857554e-17,1.5534597839640667e-16,-2.8239066830026725e-17,0.03488552683248262,8.337058242910623e-17,0.018544105844454307,1.695075003038782e-17,8.547102226548051e-17,0.028859513503968398,2.4973275020997904e-17,-8.206783188625536e-17,0.049172347916362436,5.653237275946285e-16,0.06705092329920163,1.3827257135758017e-16,1.0,0.0003771477524195789,0.08997066360248662,6.850343670701838e-16,0.03455526920464981,1.3150444795773337e-16,2.0907549422478443e-16,4.3040780323360593e-17,0.06032063862430426
pcs,0.0034077779763117804,-0.0027604963076215882,-0.0036501214080033946,0.9957313639092277,-0.015781109079132282,-0.008379581992535788,0.0020229629021370297,0.001944316263307807,0.002656830041154458,0.0004706061977141488,0.00015475011778034092,0.00016943869580594728,-5.739213224436485e-05,-0.0003216296684057729,0.0013207629859126404,-0.0047283311322986665,-0.000768153572138183,0.00485812280312713,0.006575217270217449,-0.010539884024066009,0.0005710347435185396,4.7799105751970754e-06,0.004174121081169171,0.003550923335416116,0.00044255814659764414,-0.0020443255141322585,0.007755865409626205,-0.028327003295597036,0.0007374340418207084,0.013064575249274131,6.386392294497967e-05,-0.0022923045127321217,0.00035502883726141327,0.005712062206939874,-0.0021260100557342026,0.004253975823596594,-0.0002997563340768782,-0.0013782546263071363,0.001516295798968766,0.0004572791990731265,0.0003771477524195789,1.0000000000000002,0.0014722164867741333,0.0016538263369703257,-0.0005159556828140248,0.0007447003593536013,0.0017829915135886905,-0.005009946893885327,0.00023942889025046327
perfumaria,-8.445053520351583e-17,0.10371640432016307,-1.3302964122937188e-16,-3.715827948296663e-16,4.736628334581429e-17,7.786209966796283e-18,0.024800475571006203,6.750348959793659e-16,-6.168073992094098e-17,0.0610502660556643,0.0007965892270096732,0.0011580302032496224,9.652342243675303e-17,-3.7026474606561546e-16,-1.4470304660719317e-16,0.054503859581424105,-1.1829511630453152e-16,1.4700759476026782e-16,0.08288907801296022,-3.0113007299935327e-17,0.022564955062030455,-3.3101586410508624e-17,3.1602850799255525e-17,-2.7056608111618e-16,0.035007812245827906,0.04843022673871332,0.007594746348098115,-8.371929659838759e-17,0.01594296649477555,-2.832168828179309e-16,-1.8245075095221048e-16,-8.360786183740756e-18,4.179630132819312e-17,0.058038460704621944,0.004153679355488094,-2.377735869469584e-16,0.03664579863467235,2.9809597469374037e-16,-1.078217940541616e-16,3.6254460841591944e-17,0.08997066360248662,0.0014722164867741333,1.0,0.04821057943692745,4.700304062434791e-16,2.284690487976727e-17,0.04458009899691604,-7.780838260735361e-17,0.055281058624440445
pet_shop,2.929594777587009e-17,0.05491009960249894,5.554018726177779e-16,-1.896781945016034e-17,7.557613339966466e-17,1.57907694846291e-17,0.08605201232645758,-5.049637289710084e-16,2.6500978144612066e-16,0.013895038925150649,3.8197967895609233e-16,0.04598179590293055,7.730637998060994e-17,-2.1957186670384138e-17,-3.7181950813651625e-17,2.2333041975121214e-17,8.740180267169634e-17,-1.1201539217131429e-16,-6.316241970934259e-17,-5.846592934395356e-17,0.009752212673282142,-2.30439116369262e-16,0.005185990724238715,-1.1122434676532412e-16,0.03021300007724758,0.0686252211498443,-9.20898414174864e-17,-1.57254495482672e-16,0.02377151818741328,-3.33698611452586e-16,3.8913583563975236e-18,1.2372381113496085e-16,-9.254232553455982e-18,9.225271983649123e-17,8.171677248590301e-17,-1.1982908186894622e-16,0.02779216702129211,-1.1304506521547113e-16,0.06489233188709446,-5.257518974093364e-16,6.850343670701838e-16,0.0016538263369703257,0.04821057943692745,0.9999999999999999,-3.609455864670277e-17,-8.828630484208603e-17,-3.115789387248673e-16,-2.28110262640527e-16,0.02542717468040188
relogios_presentes,3.182053373575373e-16,0.03197609912809646,0.05622487970856026,-3.308049593161544e-16,0.12023545853995232,0.09892371144442046,0.032566359265556184,0.002745569617046,-5.873155888488906e-17,0.049763180971189584,0.07690682356372983,0.038600620240460806,-1.9159237095532223e-16,-1.6625266420824122e-16,3.076343567963499e-17,0.031520092041038825,0.023405658562591056,-1.993552612452462e-16,1.370831634648689e-16,-1.9946147192906723e-17,0.07977185484695301,-1.392996784672044e-16,2.1273633859617385e-17,-2.63191099977234e-17,0.04105290433482159,0.054939382404911793,0.047805310307051985,-4.219010243659045e-16,0.018638694566976616,-3.569785509292735e-16,0.019302633886765754,-1.9210867138792612e-17,-5.0671328215944594e-17,0.01270693780907454,-1.5346903305859264e-16,-1.9600922588640999e-16,0.039923280905102956,3.9629120637331936e-17,-2.913959795660991e-18,-7.128915315102336e-17,0.03455526920464981,-0.0005159556828140248,4.700304062434791e-16,-3.609455864670277e-17,1.0,9.089465253834123e-17,0.0336732583560273,-5.03978754070395e-16,0.02158141520048466
sinalizacao_e_seguranca,1.2998463961941943e-17,3.154124738885475e-16,-8.595078218956138e-17,-4.408454972510736e-17,-3.084434766745033e-16,-2.943724495407169e-16,1.8283951404878976e-16,1.636277987111676e-16,-3.22449439552415e-17,0.07000561665343046,-4.5989740017238743e-17,-1.1586112163230526e-16,1.2939844371557246e-16,7.985717120463741e-17,-8.199044742288682e-16,-2.5559097824036124e-16,6.80355117757977e-18,1.7397429037388867e-16,1.2602845703369565e-16,2.3613391449906567e-16,-6.994882502197299e-17,-5.3991703296094185e-17,2.0671563574818268e-16,2.638800266475728e-16,0.05014251062346897,1.1590529329415237e-16,4.505657819718681e-16,2.500726627346608e-17,-5.4842279620278374e-17,3.0101568354677616e-17,0.013842385228694626,-3.3894698372980976e-16,-5.150027575593698e-16,-8.648621530710927e-17,1.7232183253479382e-16,3.2750767820544665e-16,-1.301053488615881e-16,-2.3371923701432768e-17,-8.772897606813002e-16,1.4085195531555038e-16,1.3150444795773337e-16,0.0007447003593536013,2.284690487976727e-17,-8.828630484208603e-17,9.089465253834123e-17,1.0000000000000002,1.5129647166510717e-17,-3.89434509875955e-18,1.4838354686833561e-16
telefonia,-1.9173202078853867e-16,-6.756686255714711e-17,7.542735800276653e-17,-3.856081555396697e-17,-7.622256990285292e-17,0.07854089275934097,0.05200191534036864,0.022243432998806628,0.09364657029276549,0.010488716725732063,-5.024429279313954e-17,0.04286910508800082,1.5008645299738354e-16,0.012931225927054583,-3.807973562084788e-17,1.7352232485415755e-16,-9.540645511733637e-16,-5.2779921670653945e-17,-1.414364652599341e-16,-5.389006640667185e-17,0.007953722343427254,8.28676698296295e-17,0.02937220197985744,0.038537715807844534,0.04178934556786277,0.062062754771229196,-1.8966112635085417e-16,-4.958043898713271e-17,0.015609988596306785,4.438796772449994e-16,0.05670591921591385,-7.465360346647775e-17,-8.678163231777866e-17,-1.2024675104378678e-16,1.4919811074001442e-16,2.349030737114333e-16,0.003520450386953201,1.7901827104691628e-16,-5.689202679875821e-17,1.1560614424728943e-16,2.0907549422478443e-16,0.0017829915135886905,0.04458009899691604,-3.115789387248673e-16,0.0336732583560273,1.5129647166510717e-17,1.0000000000000004,2.4369003847363975e-16,0.004702478077232724
telefonia_fixa,-1.6880205090746654e-16,-1.2183850846676094e-16,-3.022456391140795e-17,1.36609098311384e-16,1.5691913134120278e-16,7.261560935570057e-17,-2.0960486411158052e-16,5.927557089017268e-17,2.6974723770126428e-17,-2.350185359755566e-16,1.1442452113033874e-17,-5.788819423905688e-17,-4.851493488924097e-18,-8.671710737328515e-17,-5.165962518931987e-17,-2.1357219807276078e-17,1.6286774061055828e-16,7.602622838014884e-17,1.0218595092538114e-16,6.508442452237743e-17,0.05742340276477978,2.864751983491654e-17,1.1051902880048189e-16,-2.3595263943999636e-16,0.04069642178612466,1.1716969742520393e-16,-5.386531001996599e-17,-5.343153423923326e-17,5.453044299226035e-17,6.643046575613762e-17,0.02832503585770935,-5.058884908775176e-17,1.5957750195701166e-16,2.643485658049845e-16,4.160178935123605e-16,-1.1561973465838876e-16,6.483505915288604e-18,-1.0824023509754338e-16,3.4248847265987025e-17,-2.775187256025459e-17,4.3040780323360593e-17,-0.005009946893885327,-7.780838260735361e-17,-2.28110262640527e-16,-5.03978754070395e-16,-3.89434509875955e-18,2.4369003847363975e-16,1.0000000000000002,0.050925644804151925
utilidades_domesticas,0.0312047091187106,-1.0668549377257364e-16,0.09073210817988156,1.0495077029659683e-16,1.8865117801247777e-17,-5.551115123125783e-17,0.013080241554159766,0.08671929874127199,0.01916110492683922,0.030792231385777358,0.0377265229575427,0.18114146022339617,-1.249000902703301e-16,0.03517656114059552,-3.9898639947466563e-17,0.022008939593576915,0.007324344490088007,-4.5102810375396984e-17,-5.692061405548898e-18,4.0440741033709315e-17,0.026474065938308634,0.046050348785579905,-1.43982048506075e-16,0.033733518215175666,0.029592641170593285,0.08019757277339472,-8.878568237233998e-17,0.04563514674555796,0.05198931566073479,-1.4373474215203388e-16,0.03438287179776914,-5.32002585788281e-17,-7.806255641895632e-18,0.02173795223767419,0.034230145829736686,0.03579065584595263,0.10392046699576202,0.004168914004176374,0.03232320085716345,0.03475851830706629,0.06032063862430426,0.00023942889025046327,0.055281058624440445,0.02542717468040188,0.02158141520048466,1.4838354686833561e-16,0.004702478077232724,0.050925644804151925,1.0
